Title,Salary,Experience
Mechanical Engineer,4054403,34.0
Mechanical Engineer,5370630,60.0
Mechanical Engineer,5678137,60.0
Mechanical Engineer,3296755,26.0
Mechanical Engineer,4601872,51.0
Mechanical Engineer,4925641,59.0
Mechanical Engineer,3851253,35.0
Mechanical Engineer,3287294,27.0
Mechanical Engineer,2901416,20.0
Mechanical Engineer,2287649,17.0
Mechanical Engineer,4451147,44.0
Mechanical Engineer,3996217,33.0
Mechanical Engineer,3442248,27.0
Mechanical Engineer,3925140,35.0
Mechanical Engineer,5681854,60.0
Mechanical Engineer,3846307,33.0
Mechanical Engineer,3582215,27.0
Mechanical Engineer,4437295,47.0
Mechanical Engineer,3766870,32.0
Mechanical Engineer,5692978,60.0
Mechanical Engineer,4879135,57.0
Mechanical Engineer,2602341,16.0
Mechanical Engineer,3873783,35.0
Mechanical Engineer,4427343,48.0
Mechanical Engineer,5043773,59.0
Mechanical Engineer,3471856,27.0
Mechanical Engineer,2767848,15.0
Mechanical Engineer,5746529,60.0
Mechanical Engineer,4025261,34.0
Mechanical Engineer,3535295,26.0
Mechanical Engineer,4577834,44.0
Mechanical Engineer,3329028,26.0
Mechanical Engineer,2584400,16.0
Mechanical Engineer,5034741,57.0
Mechanical Engineer,4797299,52.0
Mechanical Engineer,4079333,35.0
Mechanical Engineer,3459455,25.0
Mechanical Engineer,5197400,57.0
Mechanical Engineer,2850746,24.0
Mechanical Engineer,4492337,47.0
Mechanical Engineer,5407908,60.0
Mechanical Engineer,4745559,50.0
Mechanical Engineer,4394831,43.0
Mechanical Engineer,3720183,30.0
Mechanical Engineer,4721901,51.0
Mechanical Engineer,3332779,27.0
Mechanical Engineer,5006471,56.0
Mechanical Engineer,2552652,15.0
Mechanical Engineer,2983805,24.0
Mechanical Engineer,4974884,58.0
Mechanical Engineer,3472088,26.0
Mechanical Engineer,3286508,24.0
Mechanical Engineer,3132975,20.0
Mechanical Engineer,4117033,37.0
Mechanical Engineer,2841744,23.0
Mechanical Engineer,3935227,34.0
Mechanical Engineer,2327864,17.0
Mechanical Engineer,4323420,40.0
Mechanical Engineer,3168136,20.0
Mechanical Engineer,3764203,32.0
Mechanical Engineer,2650193,17.0
Mechanical Engineer,3120927,21.0
Mechanical Engineer,4527766,44.0
Mechanical Engineer,2618528,16.0
Mechanical Engineer,4585267,48.0
Mechanical Engineer,2914314,23.0
Mechanical Engineer,4181163,36.0
Mechanical Engineer,3493794,25.0
Mechanical Engineer,2533309,17.0
Mechanical Engineer,4219211,43.0
Mechanical Engineer,5769038,60.0
Mechanical Engineer,2035723,11.0
Mechanical Engineer,4182856,36.0
Mechanical Engineer,4820361,57.0
Mechanical Engineer,5313278,60.0
Mechanical Engineer,4172209,36.0
Mechanical Engineer,4518857,48.0
Mechanical Engineer,3041497,19.0
Mechanical Engineer,3090052,22.0
Mechanical Engineer,4369378,42.0
Mechanical Engineer,4239055,43.0
Mechanical Engineer,3012204,20.0
Mechanical Engineer,4813121,58.0
Mechanical Engineer,3115272,23.0
Mechanical Engineer,4208851,40.0
Mechanical Engineer,3712599,31.0
Mechanical Engineer,4279510,40.0
Mechanical Engineer,2325096,18.0
Mechanical Engineer,3114310,19.0
Mechanical Engineer,2291958,17.0
Mechanical Engineer,3056325,23.0
Mechanical Engineer,2684657,16.0
Mechanical Engineer,5425606,60.0
Mechanical Engineer,4408730,46.0
Mechanical Engineer,4957361,57.0
Mechanical Engineer,4839588,57.0
Mechanical Engineer,2867547,22.0
Mechanical Engineer,2501972,18.0
Mechanical Engineer,5285552,60.0
Mechanical Engineer,4823221,57.0
Mechanical Engineer,4176635,36.0
Mechanical Engineer,3440202,25.0
Mechanical Engineer,2803110,22.0
Mechanical Engineer,2992348,19.0
Mechanical Engineer,4337604,41.0
Mechanical Engineer,4051236,33.0
Mechanical Engineer,3030735,20.0
Mechanical Engineer,4168324,37.0
Mechanical Engineer,1943059,12.0
Mechanical Engineer,3116049,24.0
Mechanical Engineer,5099077,58.0
Mechanical Engineer,2111444,11.0
Mechanical Engineer,3771427,30.0
Mechanical Engineer,2236721,15.0
Mechanical Engineer,5313225,60.0
Mechanical Engineer,3074349,21.0
Mechanical Engineer,2097762,14.0
Mechanical Engineer,4259905,42.0
Mechanical Engineer,2623547,18.0
Mechanical Engineer,2938165,21.0
Mechanical Engineer,2481243,16.0
Mechanical Engineer,3629726,28.0
Mechanical Engineer,5071226,58.0
Mechanical Engineer,2041286,12.0
Mechanical Engineer,4196925,37.0
Mechanical Engineer,2086524,12.0
Mechanical Engineer,3606073,28.0
Mechanical Engineer,2389281,16.0
Mechanical Engineer,2914965,19.0
Mechanical Engineer,4507551,46.0
Mechanical Engineer,3303268,24.0
Mechanical Engineer,3330988,27.0
Mechanical Engineer,3027448,22.0
Mechanical Engineer,4748216,49.0
Mechanical Engineer,2936279,21.0
Mechanical Engineer,4399345,42.0
Mechanical Engineer,3504466,26.0
Mechanical Engineer,3840714,35.0
Mechanical Engineer,3599615,24.0
Mechanical Engineer,4863007,59.0
Mechanical Engineer,2612806,16.0
Mechanical Engineer,3765719,29.0
Mechanical Engineer,4457025,48.0
Mechanical Engineer,3022395,23.0
Mechanical Engineer,4811371,59.0
Mechanical Engineer,3871331,35.0
Mechanical Engineer,3345869,25.0
Mechanical Engineer,2811679,21.0
Mechanical Engineer,4898067,59.0
Mechanical Engineer,4107270,36.0
Mechanical Engineer,4914507,57.0
Mechanical Engineer,4922311,58.0
Mechanical Engineer,2254889,15.0
Mechanical Engineer,4393095,43.0
Mechanical Engineer,3822823,34.0
Mechanical Engineer,2282979,18.0
Mechanical Engineer,5319302,60.0
Mechanical Engineer,3479691,24.0
Mechanical Engineer,3216756,26.0
Mechanical Engineer,3595936,24.0
Mechanical Engineer,5237057,60.0
Mechanical Engineer,2958309,22.0
Mechanical Engineer,5311260,60.0
Mechanical Engineer,4610707,51.0
Mechanical Engineer,2477502,16.0
Mechanical Engineer,4793541,50.0
Mechanical Engineer,3941337,35.0
Mechanical Engineer,4826996,58.0
Mechanical Engineer,3604235,32.0
Mechanical Engineer,2857953,24.0
Mechanical Engineer,3933489,35.0
Mechanical Engineer,5539057,60.0
Mechanical Engineer,3397800,25.0
Mechanical Engineer,5179093,59.0
Mechanical Engineer,3214772,26.0
Mechanical Engineer,2187299,12.0
Mechanical Engineer,3570723,25.0
Mechanical Engineer,3734192,29.0
Mechanical Engineer,4202114,40.0
Mechanical Engineer,3807662,35.0
Mechanical Engineer,4619638,51.0
Mechanical Engineer,5086087,58.0
Mechanical Engineer,4348833,41.0
Mechanical Engineer,4288956,40.0
Mechanical Engineer,3063753,23.0
Mechanical Engineer,4668336,52.0
Mechanical Engineer,4097881,34.0
Mechanical Engineer,4694651,50.0
Mechanical Engineer,4453140,47.0
Mechanical Engineer,4126421,39.0
Mechanical Engineer,3379182,26.0
Mechanical Engineer,4003266,35.0
Mechanical Engineer,4734730,51.0
Mechanical Engineer,5333807,60.0
Mechanical Engineer,4654762,51.0
Mechanical Engineer,3030991,24.0
Mechanical Engineer,1826447,7.0
Mechanical Engineer,3979633,35.0
Mechanical Engineer,5738058,60.0
Mechanical Engineer,4877096,58.0
Mechanical Engineer,4132537,38.0
Mechanical Engineer,4136115,38.0
Mechanical Engineer,4007720,34.0
Mechanical Engineer,3323568,27.0
Mechanical Engineer,2367453,17.0
Mechanical Engineer,2672704,15.0
Mechanical Engineer,3188964,21.0
Mechanical Engineer,2959687,19.0
Mechanical Engineer,2531224,15.0
Mechanical Engineer,4615155,50.0
Mechanical Engineer,4903629,57.0
Mechanical Engineer,3320896,24.0
Mechanical Engineer,2798561,16.0
Mechanical Engineer,3686696,28.0
Mechanical Engineer,5681825,60.0
Mechanical Engineer,1493905,4.0
Mechanical Engineer,4741723,51.0
Mechanical Engineer,4242044,41.0
Mechanical Engineer,4576973,46.0
Mechanical Engineer,4231917,40.0
Mechanical Engineer,3529271,27.0
Mechanical Engineer,2843464,23.0
Mechanical Engineer,4744603,50.0
Mechanical Engineer,3731652,28.0
Mechanical Engineer,1745896,9.0
Mechanical Engineer,5498301,60.0
Mechanical Engineer,5563002,60.0
Mechanical Engineer,4639374,51.0
Mechanical Engineer,2647869,17.0
Mechanical Engineer,4687051,49.0
Mechanical Engineer,3770537,31.0
Mechanical Engineer,3977151,35.0
Mechanical Engineer,2646114,18.0
Mechanical Engineer,3665065,28.0
Mechanical Engineer,2317488,16.0
Mechanical Engineer,2717482,15.0
Electronic Engineer,4188643,42.0
Electronic Engineer,3821573,39.0
Electronic Engineer,3564493,28.0
Electronic Engineer,4338913,46.0
Electronic Engineer,4181594,41.0
Electronic Engineer,1900468,18.0
Electronic Engineer,3351575,28.0
Electronic Engineer,3803823,36.0
Electronic Engineer,5134894,60.0
Electronic Engineer,4845584,59.0
Electronic Engineer,3614615,33.0
Electronic Engineer,4784317,53.0
Electronic Engineer,4269742,48.0
Electronic Engineer,4056905,38.0
Electronic Engineer,2386407,24.0
Electronic Engineer,3743624,35.0
Electronic Engineer,3870521,38.0
Electronic Engineer,2528262,21.0
Electronic Engineer,3705286,35.0
Electronic Engineer,3071812,25.0
Electronic Engineer,2898572,27.0
Electronic Engineer,3692125,35.0
Electronic Engineer,3332069,30.0
Electronic Engineer,1647242,14.0
Electronic Engineer,3624617,34.0
Electronic Engineer,3697312,34.0
Electronic Engineer,4695038,55.0
Electronic Engineer,5013034,60.0
Electronic Engineer,4874237,58.0
Electronic Engineer,3592449,31.0
Electronic Engineer,3723141,33.0
Electronic Engineer,3339175,29.0
Electronic Engineer,3390517,28.0
Electronic Engineer,1574256,7.0
Electronic Engineer,4032065,36.0
Electronic Engineer,3574100,28.0
Electronic Engineer,3309308,31.0
Electronic Engineer,4935628,60.0
Electronic Engineer,3708199,34.0
Electronic Engineer,3140893,27.0
Electronic Engineer,1412899,8.0
Electronic Engineer,2569025,22.0
Electronic Engineer,2253106,22.0
Electronic Engineer,4905954,60.0
Electronic Engineer,4058024,38.0
Electronic Engineer,1484767,8.0
Electronic Engineer,4308074,48.0
Electronic Engineer,3664124,34.0
Electronic Engineer,4768988,55.0
Electronic Engineer,4405687,49.0
Electronic Engineer,2811078,27.0
Electronic Engineer,2985620,27.0
Electronic Engineer,3691718,33.0
Electronic Engineer,2870920,25.0
Electronic Engineer,3123256,26.0
Electronic Engineer,4592433,52.0
Electronic Engineer,2407233,22.0
Electronic Engineer,3468869,30.0
Electronic Engineer,4731054,55.0
Electronic Engineer,3931496,38.0
Electronic Engineer,4459384,52.0
Electronic Engineer,3974964,39.0
Electronic Engineer,4767707,53.0
Electronic Engineer,3938034,38.0
Electronic Engineer,3824536,36.0
Electronic Engineer,5187572,60.0
Electronic Engineer,3725875,33.0
Electronic Engineer,1735137,14.0
Electronic Engineer,1794241,13.0
Electronic Engineer,3112965,25.0
Electronic Engineer,3696367,35.0
Electronic Engineer,3223645,31.0
Electronic Engineer,3708652,35.0
Electronic Engineer,2846319,24.0
Electronic Engineer,2734283,23.0
Electronic Engineer,4846493,57.0
Electronic Engineer,2537720,21.0
Electronic Engineer,4835548,56.0
Electronic Engineer,2395922,19.0
Electronic Engineer,4838571,57.0
Electronic Engineer,5063844,60.0
Electronic Engineer,4812903,57.0
Electronic Engineer,2886000,27.0
Electronic Engineer,1639068,12.0
Electronic Engineer,3436838,30.0
Electronic Engineer,4431152,51.0
Electronic Engineer,2915555,26.0
Electronic Engineer,4023824,37.0
Electronic Engineer,3947075,39.0
Electronic Engineer,4413497,49.0
Electronic Engineer,4768454,53.0
Electronic Engineer,1677437,14.0
Electronic Engineer,4405402,51.0
Electronic Engineer,4646891,55.0
Electronic Engineer,3656726,34.0
Electronic Engineer,3944667,36.0
Electronic Engineer,3878532,37.0
Electronic Engineer,4289273,44.0
Electronic Engineer,3147818,24.0
Electronic Engineer,1989895,15.0
Electronic Engineer,4307461,45.0
Electronic Engineer,1732816,11.0
Electronic Engineer,2742230,19.0
Electronic Engineer,3414239,30.0
Electronic Engineer,4609409,54.0
Electronic Engineer,4659406,53.0
Electronic Engineer,3187133,25.0
Electronic Engineer,4049348,37.0
Electronic Engineer,3728639,35.0
Electronic Engineer,2719148,20.0
Electronic Engineer,3986730,39.0
Electronic Engineer,2770081,22.0
Electronic Engineer,3677586,33.0
Electronic Engineer,3607736,33.0
Electronic Engineer,4650020,53.0
Electronic Engineer,4501113,49.0
Electronic Engineer,4802077,57.0
Electronic Engineer,5085429,60.0
Electronic Engineer,3809855,38.0
Electronic Engineer,2438337,24.0
Electronic Engineer,3901773,38.0
Electronic Engineer,2481405,21.0
Electronic Engineer,2343045,22.0
Electronic Engineer,2837986,24.0
Electronic Engineer,2459248,22.0
Electronic Engineer,4432015,50.0
